{"cameraMode":{"drawMode":0,"name":"Shaded","section":"Shading Mode"},"sceneLighting":true,"audioPlay":false,"sceneViewState":{"m_AlwaysRefresh":false,"showFog":true,"showSkybox":true,"showFlares":true,"showImageEffects":true,"showParticleSystems":true,"showVisualEffectGraphs":true,"m_FxEnabled":true},"in2DMode":false,"pivot":{"x":349.3800048828125,"y":223.18252563476563,"z":-110.56094360351563},"rotation":{"x":0.19447511434555055,"y":-0.4964371919631958,"z":0.11519066989421845,"w":0.8381296992301941},"size":304.7549133300781,"orthographic":false}